{
  "roc_auc": 0.9046391752577321,
  "pr_auc": 0.09375,
  "threshold": 0.8310389816761017,
  "timestamp": "2025-07-28 23:50:26"
}